ID,NAME,DATE
1,Rutu,20220712
2,Nolan,20240423
3,Bartlet,20220208
4,Kelvin,20210730
5,Dory,20220802
6,Karlen,20241220
7,Diann,20230927
8,Teri,20250408
9,Lowrance,20220312
10,Sara-ann,20231127
11,Valery,20211110
12,Amalie,20211008
13,Camile,20240305
14,Guglielmo,20230719
15,Felike,20231031
16,Yolanda,20230818
17,Nicholas,20230706
18,Ara,20241021
19,Jefferson,20240424
20,Sarge,20211120
21,Blinny,20230224
22,Saundra,20250406
23,Dick,20210525
24,Merwin,20220703
25,Courtenay,20240723
26,Dyan,20241008
27,Karim,20221216
28,Ester,20231025
29,Percival,20250308
30,Marcos,20250314
31,Inna,20241026
32,Clayborne,20210606
33,Faina,20230319
34,George,20240525
35,Tabbitha,20221113
36,Ursola,20240204
37,Giles,20220316
38,Adamo,20230928
39,Waldo,20230310
40,Robbert,20221227
41,Mile,20240805
